API Number,Nearest Fault Dist (km),Fault Segments <= 1 km,Fault Segments <= 2 km,Fault Segments <= 3 km,Fault Segments <= 4 km,Fault Segments <= 5 km,Fault Segments <= 6 km,Fault Segments <= 7 km,Fault Segments <= 8 km,Fault Segments <= 9 km,Fault Segments <= 10 km,Fault Segments <= 11 km,Fault Segments <= 12 km,Fault Segments <= 13 km,Fault Segments <= 14 km,Fault Segments <= 15 km,Fault Segments <= 16 km,Fault Segments <= 17 km,Fault Segments <= 18 km,Fault Segments <= 19 km,Fault Segments <= 20 km
300438,4.782345140114162,0,0,0,0,1,3,6,13,19,24,29,34,53,70,93,116,142,171,204,230
301016,0.16487909877173723,6,23,44,69,92,136,187,243,299,372,437,509,571,635,715,779,834,909,1002,1087
303554,0.8746680852002846,2,19,28,53,74,93,138,192,251,298,354,415,479,551,625,709,808,895,993,1095
303637,0.07794645956692328,12,37,64,77,95,121,152,186,221,261,330,402,457,525,592,671,751,832,918,998
303782,0.02056638871916081,7,18,29,44,70,95,122,176,235,292,361,416,465,548,620,701,799,900,982,1075
304283,0.8106737591727449,3,19,40,66,92,112,140,173,208,258,319,374,436,509,583,662,744,825,908,998
304579,0.6265542057000253,3,8,16,33,58,86,108,159,210,247,300,364,430,497,600,677,764,853,948,1028
304586,0.08787973874116463,5,16,19,23,33,49,92,123,166,224,273,334,406,453,513,575,660,738,823,918
304632,0.19622296948513618,3,5,16,25,45,60,68,99,159,209,278,333,377,437,487,535,607,670,765,858
306772,2.1223272681398413,0,0,13,25,56,83,111,153,191,231,286,351,394,462,539,620,700,770,858,945
307100,0.06591448970128976,8,14,26,38,59,100,139,167,213,246,290,330,387,452,510,605,675,764,832,924
307440,0.7840533591053385,3,10,18,31,44,57,76,109,154,196,268,320,360,416,485,529,577,651,735,833
310195,0.08173453310575779,8,20,39,68,93,116,139,173,215,257,318,388,455,520,588,674,750,839,928,1021
310285,1.6259437002131194,0,8,22,34,44,55,67,95,120,141,159,190,223,266,310,366,401,475,549,644
310357,0.6575120973804233,5,9,11,25,33,57,79,104,131,161,199,223,258,295,349,403,454,521,591,650
330205,0.8000955616037486,3,10,24,37,64,88,128,161,201,231,259,308,363,405,448,496,552,622,704,816
330291,0.3359592917055496,10,21,40,67,97,115,134,170,215,275,327,392,465,531,593,674,762,839,925,1024
330440,0.09418728163228697,12,37,60,76,91,117,143,170,206,271,334,388,457,520,591,662,735,841,926,1013
330452,0.4109708136497167,10,29,51,73,95,116,135,160,210,273,331,385,458,520,588,660,757,835,923,1014
330453,0.6105727956776115,8,32,50,74,98,114,133,159,212,271,328,385,447,517,589,658,752,829,923,1010
330455,0.09116069445430242,13,36,57,79,90,118,148,178,210,269,337,396,451,519,591,670,743,837,927,1010
330456,0.28759028406576154,11,33,58,80,90,119,147,175,207,270,334,390,456,521,589,665,737,836,926,1007
330462,2.171537519308947,0,0,18,32,42,54,69,89,115,140,162,185,219,250,291,334,398,452,515,602
331809,0.28805251746909544,9,33,59,77,92,119,144,173,203,266,329,392,458,522,589,660,735,828,912,1000
332062,20.04612182310858,0,0,0,0,0,0,0,0,0,0,0,0,0,0,0,0,0,0,0,0
333217,0.41751550770107343,10,18,24,37,49,73,91,108,138,170,195,224,273,322,368,415,476,566,645,712
333351,0.1318041572022514,6,16,44,74,112,136,178,208,260,316,386,448,525,607,689,769,830,899,993,1088
333438,0.9030426173501457,2,8,23,35,63,84,109,143,177,229,272,344,422,488,572,665,732,798,876,977
333448,0.4230782059089814,5,18,38,71,102,145,184,240,289,336,397,471,542,621,688,752,829,939,1041,1132
333528,0.6489906172572941,1,22,41,72,108,138,184,226,270,339,391,461,551,625,685,768,837,900,1003,1124
334462,0.02374675355352262,12,24,50,91,130,165,218,272,322,368,440,513,594,669,746,824,897,993,1064,1150
335552,1.144909464948461,0,13,25,40,51,71,96,123,179,233,274,310,360,431,499,598,676,765,824,911
336353,1.8507879061360402,0,3,19,34,46,64,84,119,160,207,247,286,330,393,476,550,625,689,747,831
336488,0.8248153605799108,3,10,18,26,42,92,131,174,210,252,317,374,420,474,527,600,684,769,842,927
336555,1.9257401975576491,0,2,15,45,75,112,141,177,205,250,281,326,368,426,490,553,643,705,818,934
339176,0.5856246378365865,6,15,26,39,60,90,120,144,172,205,262,305,359,400,461,539,597,685,764,857
340028,0.2972407953728546,5,15,32,55,97,144,193,254,321,382,440,511,566,628,691,773,866,960,1081,1164
341770,0.09625186994151753,7,16,37,63,101,138,179,216,260,303,350,413,472,527,577,631,713,793,866,952
342160,0.9015328552093836,3,11,29,44,72,89,123,170,212,258,318,398,447,511,573,632,708,786,919,1035
342169,1.2257948557300982,0,11,27,39,54,76,98,126,190,240,277,311,361,431,515,597,686,762,833,929
342475,0.9942276134101884,2,7,18,38,54,66,82,101,132,165,194,240,283,340,407,452,510,589,684,791
343237,0.01110110845196426,6,21,38,58,73,96,143,182,231,287,356,412,480,548,633,743,824,936,1058,1153
343412,0.3401431801648397,3,14,29,42,60,78,100,126,187,260,318,374,433,515,581,663,751,827,910,1003
345197,2.287161731078836,0,0,10,19,25,49,92,133,168,190,231,275,355,425,501,581,654,738,807,882
345814,0.2215830415008592,8,13,23,49,72,122,164,213,275,325,373,418,463,499,562,624,705,780,845,929
346648,0.6646738897709522,3,12,26,43,67,89,117,156,201,257,296,370,447,500,573,631,700,775,875,998
346984,1.3193079877980964,0,7,25,53,92,132,170,219,263,317,384,456,522,568,630,695,772,841,919,1028
347034,0.2587023259143986,6,27,53,80,104,128,150,209,267,329,400,456,518,588,652,724,804,892,968,1053
347807,0.6099605013192094,4,20,49,85,112,151,190,240,296,376,448,504,559,621,720,805,878,952,1021,1101
348054,0.2706968264462935,4,16,30,44,63,95,118,170,210,254,314,386,437,493,562,622,685,781,890,1005
348219,0.0823173932076239,6,19,32,44,56,76,122,156,183,211,269,359,428,490,547,621,719,821,896,988
348475,0.3167304996139847,10,18,37,59,104,140,186,230,292,347,391,458,527,595,649,748,848,945,1044,1133
348480,1.1198227228950601,0,8,17,25,44,82,131,160,223,294,363,420,494,567,637,721,781,854,951,1047
348898,24.496572856386564,0,0,0,0,0,0,0,0,0,0,0,0,0,0,0,0,0,0,0,0
348899,25.047814791885195,0,0,0,0,0,0,0,0,0,0,0,0,0,0,0,0,0,0,0,0
348900,25.510347907072557,0,0,0,0,0,0,0,0,0,0,0,0,0,0,0,0,0,0,0,0
348904,25.996046087557133,0,0,0,0,0,0,0,0,0,0,0,0,0,0,0,0,0,0,0,0
348914,27.795549647256266,0,0,0,0,0,0,0,0,0,0,0,0,0,0,0,0,0,0,0,0
348916,28.528880036267598,0,0,0,0,0,0,0,0,0,0,0,0,0,0,0,0,0,0,0,0
348919,29.17689483724739,0,0,0,0,0,0,0,0,0,0,0,0,0,0,0,0,0,0,0,0
348946,27.45950123315938,0,0,0,0,0,0,0,0,0,0,0,0,0,0,0,0,0,0,0,0
348947,29.621713842732003,0,0,0,0,0,0,0,0,0,0,0,0,0,0,0,0,0,0,0,0
348948,27.036900426101415,0,0,0,0,0,0,0,0,0,0,0,0,0,0,0,0,0,0,0,0
3331474,10.526856470939066,0,0,0,0,0,0,0,0,0,0,12,21,27,33,37,41,45,47,58,77
3332432,1.6598485285044737,0,5,9,13,17,21,25,28,30,44,62,82,96,122,144,161,181,204,226,263
3332446,4.348579200801095,0,0,0,0,9,14,30,38,44,48,53,59,67,74,82,89,98,109,119,132
3332533,4.770105328527428,0,0,0,0,1,3,5,7,13,20,25,31,35,38,41,45,49,54,60,66
3332542,11.367925814879323,0,0,0,0,0,0,0,0,0,0,0,15,23,27,35,39,45,52,66,89
3332602,9.895683251295345,0,0,0,0,0,0,0,0,0,3,9,13,15,17,20,22,25,27,29,31
3332638,7.580199558906782,0,0,0,0,0,0,0,2,4,5,6,8,10,12,14,18,22,25,29,33
3332710,11.747616937876476,0,0,0,0,0,0,0,0,0,0,0,1,7,11,15,19,23,26,29,33
3332717,10.353330524127108,0,0,0,0,0,0,0,0,0,0,2,4,9,13,17,21,24,27,31,35
3332727,3.6235899378980756,0,0,0,2,4,5,7,9,11,13,15,16,21,31,37,43,47,52,55,60
10303053,8.115474544306352,0,0,0,0,0,0,0,0,3,5,7,13,20,27,36,44,63,82,111,120
10303614,15.190930254147135,0,0,0,0,0,0,0,0,0,0,0,0,0,0,0,2,3,5,7,12
10310645,7.705566531612211,0,0,0,0,0,0,0,2,5,15,19,29,37,45,63,88,99,122,149,175
10335497,2.6540195342602253,0,0,2,3,4,7,11,15,20,28,35,41,54,64,76,89,107,128,160,191
10335587,4.50680004550446,0,0,0,0,1,3,10,21,23,26,30,42,53,66,78,96,106,120,132,154
10336422,2.277710133637433,0,0,22,34,48,61,74,86,98,119,141,182,229,262,285,324,351,389,428,466
10502593,24.445307491567394,0,0,0,0,0,0,0,0,0,0,0,0,0,0,0,0,0,0,0,0
10538250,4.928322388049869,0,0,0,0,1,3,5,7,8,9,11,13,15,17,19,20,21,23,25,27
11500900,1.2106524948932051,0,7,18,34,47,59,82,98,115,137,173,198,228,259,309,349,394,435,473,506
11531471,16.15987254840108,0,0,0,0,0,0,0,0,0,0,0,0,0,0,0,0,2,5,8,12
11532155,1.8149485848695106,0,3,14,22,36,61,95,154,209,253,293,343,392,440,493,542,583,623,695,784
11532680,24.674150257289025,0,0,0,0,0,0,0,0,0,0,0,0,0,0,0,0,0,0,0,0
11532725,6.508643439123893,0,0,0,0,0,0,2,4,6,7,16,22,29,42,52,61,70,88,119,147
11532730,1.0359083166713647,0,8,12,16,30,53,69,82,93,110,126,140,161,185,212,249,289,326,371,406
11533368,0.3873879543411679,3,14,22,38,68,89,120,146,181,213,247,290,335,379,415,443,485,532,576,634
11533384,0.9396412878966776,1,7,9,20,41,70,107,169,224,287,358,410,460,507,544,584,643,718,799,879
11533417,0.5220432129097428,3,7,11,16,42,81,119,167,219,295,358,405,454,499,545,601,656,706,767,846
11533546,1.7046213387561138,0,4,9,13,16,17,20,32,42,48,51,55,71,87,98,108,125,141,154,168
11533911,1.8901146168130012,0,6,23,42,63,82,95,111,131,151,181,210,263,309,350,387,434,480,541,591
11533912,1.5424092345543274,0,5,25,40,55,77,98,113,129,150,177,221,259,315,357,385,422,496,549,617
11533913,0.8155878747566649,3,10,21,38,62,82,96,110,129,154,183,221,256,295,335,387,433,475,521,574
11533939,0.07193763278244475,5,20,30,38,47,80,112,142,169,210,239,270,298,338,379,425,484,537,576,612
11534086,5.015308484110164,0,0,0,0,0,13,21,25,32,38,44,64,87,101,119,150,171,208,258,306
11534089,3.452405858376984,0,0,0,7,12,24,34,41,47,53,73,99,116,143,167,188,215,254,323,383
11534091,0.9354348472407211,3,12,18,27,41,50,66,80,95,109,122,151,173,202,255,298,347,400,449,509
13501448,8.216543513449297,0,0,0,0,0,0,0,0,7,9,11,14,16,19,26,30,38,48,55,69
13502347,0.3419059338843405,1,7,24,46,76,111,147,182,222,264,312,357,392,431,468,541,602,657,733,801
13502802,0.24728622244986487,8,14,23,34,55,76,100,131,171,222,254,297,342,403,467,526,578,622,672,732
13506652,0.25092334528234334,6,12,31,60,86,102,118,130,180,228,264,307,343,398,455,504,565,637,686,727
13506723,1.1737733228791771,0,7,24,44,68,84,96,122,149,183,222,253,283,321,340,377,434,497,533,588
13506726,0.451307545152115,4,13,26,40,52,67,95,117,138,161,189,227,263,292,341,376,406,440,511,564
13510010,4.907426820892385,0,0,0,0,5,9,14,23,27,32,38,44,49,54,61,66,72,79,87,95
13510848,0.1434946929815711,11,18,30,43,81,116,146,186,220,265,306,364,417,464,508,579,630,698,766,820
13530571,0.7012323778213034,3,8,16,25,39,54,66,80,100,136,167,202,251,303,357,394,436,486,549,608
13531483,4.103856499900482,0,0,0,0,4,10,22,36,50,68,87,111,145,183,239,271,301,359,420,473
13535498,5.473264291786846,0,0,0,0,0,7,13,18,21,28,46,60,73,87,96,110,133,155,205,258
13536412,0.5666772411826995,8,23,32,46,74,114,146,182,224,254,295,345,399,474,513,549,641,702,763,816
13536756,0.5715241204670091,4,18,33,52,83,122,152,191,241,301,356,416,479,526,605,662,743,812,879,939
13537365,0.5268042089607566,7,12,15,24,43,82,113,140,177,212,247,284,331,355,385,413,460,500,537,580
13537746,0.7914647199685296,3,13,34,55,68,115,158,184,219,258,301,354,422,476,549,616,676,739,779,812
13538803,0.6163724160402627,6,11,22,36,70,99,134,161,195,229,266,301,330,382,420,465,541,612,679,767
13538972,2.944618014902381,0,0,4,14,19,26,39,52,78,105,129,163,209,248,296,344,411,457,508,562
13539460,0.8786404024483516,3,7,11,13,18,21,24,27,32,39,45,57,77,118,161,239,297,344,404,430
13540441,0.3806604180619406,4,13,26,41,60,90,141,195,237,282,346,399,453,507,570,641,713,768,826,881
13540754,1.3204313950825053,0,9,43,59,82,109,142,188,228,283,340,400,459,533,583,645,689,737,810,896
13540893,1.0482171851590238,0,20,36,47,74,114,152,188,233,299,362,417,483,543,613,692,766,834,893,943
13541347,0.38055915241029536,10,22,29,46,72,110,146,181,220,264,351,406,472,545,610,687,756,847,927,999
13541457,3.747068002616008,0,0,0,3,7,11,16,20,41,57,72,91,125,151,174,207,242,282,316,364
13541898,4.382941393002478,0,0,0,0,9,17,27,33,38,57,86,111,132,151,183,218,284,348,404,439
13542040,0.6470068744414431,1,9,16,39,66,108,148,195,237,296,354,406,455,504,559,615,690,750,804,871
13542043,1.50513853577484,0,5,27,52,66,106,151,196,233,275,313,374,432,485,545,608,679,741,783,832
13542061,0.03178253450578599,5,15,31,49,85,107,137,167,205,262,312,355,397,452,528,588,668,744,805,855
13542143,0.7473118914294536,3,12,20,37,55,83,94,109,136,169,199,230,262,284,323,361,411,469,516,547
13543153,12.978815672462082,0,0,0,0,0,0,0,0,0,0,0,0,1,4,8,13,20,30,52,74
13543189,0.2469794040585521,9,18,34,55,84,115,146,188,231,272,320,378,429,487,552,618,663,733,785,836
13543432,0.9370114660340465,6,20,34,51,76,113,145,183,223,251,288,341,407,462,516,562,644,703,759,809
13543951,3.6889833329301362,0,0,0,7,14,18,24,37,56,68,110,131,161,217,245,282,315,362,416,493
13543966,0.46638294212816717,5,11,36,48,78,117,138,171,206,247,283,326,372,415,467,549,630,702,766,832
15100153,92.71944457219348,0,0,0,0,0,0,0,0,0,0,0,0,0,0,0,0,0,0,0,0
15100308,84.818693710051,0,0,0,0,0,0,0,0,0,0,0,0,0,0,0,0,0,0,0,0
15100309,86.3612441778732,0,0,0,0,0,0,0,0,0,0,0,0,0,0,0,0,0,0,0,0
15131895,87.69559521042417,0,0,0,0,0,0,0,0,0,0,0,0,0,0,0,0,0,0,0,0
15132086,86.18138313079085,0,0,0,0,0,0,0,0,0,0,0,0,0,0,0,0,0,0,0,0
15132566,82.46675219706522,0,0,0,0,0,0,0,0,0,0,0,0,0,0,0,0,0,0,0,0
15132739,86.6875907150688,0,0,0,0,0,0,0,0,0,0,0,0,0,0,0,0,0,0,0,0
15133086,93.12473700682511,0,0,0,0,0,0,0,0,0,0,0,0,0,0,0,0,0,0,0,0
15133088,97.65683162727396,0,0,0,0,0,0,0,0,0,0,0,0,0,0,0,0,0,0,0,0
15133124,84.54990143043814,0,0,0,0,0,0,0,0,0,0,0,0,0,0,0,0,0,0,0,0
15133125,86.15951426385627,0,0,0,0,0,0,0,0,0,0,0,0,0,0,0,0,0,0,0,0
15133139,81.40598822141472,0,0,0,0,0,0,0,0,0,0,0,0,0,0,0,0,0,0,0,0
15133207,87.59184011677246,0,0,0,0,0,0,0,0,0,0,0,0,0,0,0,0,0,0,0,0
15133233,92.96145120881496,0,0,0,0,0,0,0,0,0,0,0,0,0,0,0,0,0,0,0,0
15133237,121.32819133166467,0,0,0,0,0,0,0,0,0,0,0,0,0,0,0,0,0,0,0,0
16500675,8.06347390945299,0,0,0,0,0,0,0,0,3,7,9,24,34,42,46,52,56,60,64,68
16500751,1.269900547466315,0,6,13,29,40,48,65,78,105,133,160,182,210,237,284,329,382,443,519,609
16510043,1.0340491817306392,0,6,13,27,43,63,80,106,129,153,188,219,291,350,401,447,498,564,622,679
16510341,1.0299535187927003,0,8,16,39,57,79,94,118,134,147,161,189,236,300,363,413,458,513,574,639
16530079,1.272113706631176,0,16,24,32,61,82,101,115,127,140,167,197,220,247,278,316,352,395,443,477
16530094,1.315672619493857,0,14,26,36,62,80,100,119,134,147,167,199,223,254,287,325,353,407,450,481
16531698,5.692070443542115,0,0,0,0,0,8,15,21,25,31,35,39,43,45,47,51,53,64,79,94
16533268,3.744874224805328,0,0,0,6,13,17,21,25,27,29,31,33,35,37,40,43,45,47,60,73
16533269,8.675957130339453,0,0,0,0,0,0,0,0,13,27,34,40,45,51,56,61,92,106,116,130
16533658,18.970537223063747,0,0,0,0,0,0,0,0,0,0,0,0,0,0,0,0,0,0,1,3
16534629,29.331642007174356,0,0,0,0,0,0,0,0,0,0,0,0,0,0,0,0,0,0,0,0
16537497,4.456655719261002,0,0,0,0,9,16,21,25,31,35,39,43,48,51,53,55,57,59,61,74
16538439,8.200993912655878,0,0,0,0,0,0,0,0,3,7,9,24,35,45,50,54,59,62,65,71
16931999,68.9845645364725,0,0,0,0,0,0,0,0,0,0,0,0,0,0,0,0,0,0,0,0
17300368,0.5478783842052294,5,8,11,14,22,34,50,62,72,81,90,100,110,120,143,165,183,218,244,284
17300770,1.0653059935979179,0,7,9,11,13,15,24,34,40,47,53,65,85,98,111,119,128,140,153,165
17331431,1.1443218149729402,0,7,11,14,27,38,47,58,76,94,107,121,151,176,209,235,260,294,316,335
17331920,3.1797122640771924,0,0,0,17,29,38,58,80,95,112,124,148,171,189,205,222,241,275,321,358
17331984,3.5870339260662734,0,0,0,7,15,17,19,36,46,52,57,62,81,98,118,143,158,172,185,212
17332088,0.16661025652957404,7,14,20,26,32,55,79,97,113,129,146,159,173,189,219,261,292,323,351,396
17332375,0.1751809611090793,4,7,11,15,19,22,32,46,65,95,124,150,170,189,204,242,266,291,314,336
17332542,2.642914078940939,0,0,7,11,15,19,36,45,68,97,113,125,155,194,223,258,282,308,340,374
17333076,3.6661577061245008,0,0,0,7,13,18,22,39,47,54,60,67,82,111,130,144,159,173,194,237
17333276,6.31629953217524,0,0,0,0,0,0,5,9,13,16,32,49,64,74,85,98,107,124,155,187
17333299,1.2794916960713236,0,6,11,17,23,29,42,54,66,78,90,101,111,122,132,142,164,195,218,236
17335792,1.0956502414187241,0,7,11,15,16,17,32,37,51,57,65,70,82,94,102,122,141,157,192,218
17335802,1.8944532245291823,0,3,9,13,24,34,42,50,58,64,85,115,137,157,176,195,213,238,270,297
17336088,0.7710186776157463,3,7,11,15,28,35,44,51,65,76,94,121,139,158,187,217,242,265,289,311
17336246,2.553409177413146,0,0,6,12,27,36,43,51,59,67,87,120,140,159,175,190,210,241,280,310
17337204,9.774695958775917,0,0,0,0,0,0,0,0,0,5,9,13,18,51,82,100,118,131,150,186
17337666,0.029032221349953435,7,14,22,28,34,61,75,98,113,130,144,159,170,183,211,255,288,318,344,379
17337676,0.9699323582087671,3,7,11,24,44,58,69,81,93,111,142,169,186,207,235,265,298,324,361,392
17337678,1.7381913168885523,0,5,21,34,48,61,71,82,105,124,139,153,184,206,222,253,276,328,365,393
17337868,0.8432517202542048,3,7,11,14,24,35,44,51,71,85,105,125,142,166,195,214,232,250,273,294
17338205,2.2789827602060977,0,0,8,13,17,21,24,48,69,86,101,129,165,211,236,258,279,301,345,374
17338286,4.936819593245655,0,0,0,0,5,9,11,14,26,38,45,53,62,75,97,111,147,164,188,207
17338366,0.1374400222166233,8,15,22,30,42,53,78,97,113,129,144,158,171,184,213,257,293,322,345,384
17338367,1.0452519868931707,0,10,15,20,26,30,53,70,92,113,141,171,198,230,261,285,308,335,362,404
17338700,2.716625639774253,0,0,5,11,15,19,36,67,97,112,131,145,174,210,251,283,303,329,355,383
17338944,0.589400345457079,3,8,14,20,35,44,53,62,71,94,111,142,162,177,208,237,262,289,326,363
17338945,0.6678901037696426,3,7,16,27,36,45,55,63,70,79,115,140,160,181,200,223,252,278,308,351
17338946,5.659441647458359,0,0,0,0,0,9,15,21,28,34,40,48,59,85,108,132,156,197,225,247
17338959,1.3708537673933687,0,7,21,38,49,58,69,82,105,123,136,149,177,198,220,238,262,326,363,390
17339080,0.9674037291305778,1,11,23,33,43,53,62,71,81,105,119,141,167,187,206,223,243,296,331,361
17339082,2.2419657153419053,0,0,8,14,20,34,43,65,81,96,111,124,143,183,211,233,273,302,325,347
17339083,0.34599921448977605,4,10,16,31,42,51,58,66,74,84,121,145,167,185,203,231,259,286,323,367
17339134,1.4702573166585082,0,6,10,14,17,21,24,49,65,80,93,105,117,127,159,204,230,255,293,336
21931844,82.14145128271254,0,0,0,0,0,0,0,0,0,0,0,0,0,0,0,0,0,0,0,0
22700000,4.587655387325103,0,0,0,0,1,3,14,25,35,43,50,60,79,91,104,120,134,170,196,221
22703675,0.41671036031569475,5,8,18,24,33,42,49,57,74,90,101,129,157,187,226,257,292,328,367,396
22710846,1.4230133541634156,0,5,10,14,18,22,32,57,74,103,143,185,223,253,279,302,324,343,381,433
22730129,3.476111531749395,0,0,0,8,12,16,31,40,47,65,84,101,117,130,144,176,211,229,246,268
22731166,0.1748609722569938,5,21,30,43,65,94,132,166,196,225,256,291,323,365,407,437,470,524,560,620
22732473,0.15516377834951608,11,20,43,67,86,104,121,150,178,215,249,294,342,378,430,473,522,565,602,667
22732542,0.6731252645948197,3,14,29,48,69,103,140,176,209,244,279,308,355,388,419,464,510,576,620,679
22733062,2.3511799146331804,0,0,7,12,16,32,49,63,73,83,90,99,117,131,173,203,238,278,308,341
22733914,1.0296311996714944,0,6,16,25,42,67,96,124,142,168,200,228,270,308,346,381,414,442,495,534
22734107,1.1685596885904512,0,10,25,46,72,104,128,159,185,216,257,294,329,358,401,440,474,522,561,620
22734245,1.4117453672093812,0,5,9,13,19,25,43,74,97,135,181,217,255,284,307,328,352,378,410,466
22734375,0.38031280729577044,3,7,17,32,43,54,76,100,124,153,187,206,224,248,284,317,371,418,470,535
22734579,0.6089134637087166,3,10,21,34,61,93,128,164,203,239,274,300,349,397,436,476,512,549,590,629
22734698,0.992743280036171,2,9,26,47,80,110,134,163,188,229,276,313,344,371,415,452,498,541,596,648
22734702,0.24236289716917817,4,11,20,38,57,82,110,140,169,204,238,270,302,334,367,409,444,478,518,567
22734841,0.5778012042025892,6,21,41,54,77,95,130,164,195,221,262,311,356,409,450,493,533,573,612,648
22734916,3.1417034329620925,0,0,0,15,34,46,66,89,108,136,165,201,236,273,298,315,350,380,418,459
22734923,2.978123331964493,0,0,3,10,15,19,24,29,36,43,49,55,61,83,97,114,136,154,175,193
22734940,1.160133615097768,0,12,21,42,65,90,105,117,129,150,177,212,244,271,296,340,377,410,465,538
22735046,0.26740839083150025,4,12,18,35,55,96,132,166,210,244,270,294,329,381,425,465,505,547,581,621
22735640,1.4487194278418074,0,6,11,14,29,42,52,77,97,118,143,163,197,236,276,322,367,395,426,459
22736614,0.5419527399544897,5,13,17,22,45,77,97,143,183,229,286,327,390,439,496,550,613,670,721,779
22736810,0.3209072109151297,5,9,12,14,17,33,45,55,65,76,85,95,123,144,160,175,189,215,235,261
22736855,0.46213111133339463,5,9,17,34,63,81,97,121,151,209,259,308,372,423,472,529,572,633,686,737
22736882,1.4035211608477383,0,5,16,24,32,47,59,73,85,96,105,114,128,150,179,202,244,286,325,357
22736895,0.4821681837868026,7,15,22,31,47,57,68,80,91,101,118,137,151,166,182,195,222,244,281,321
22736932,1.846776480800438,0,5,9,13,27,37,46,56,76,92,107,121,136,150,164,175,189,223,247,265
22737122,2.000018966614026,0,0,9,36,61,85,124,154,200,245,294,336,373,414,472,525,589,651,710,761
22737531,0.13992147917222206,4,7,21,41,57,84,113,144,165,188,214,250,284,317,348,372,418,460,505,572
22737680,0.5829641549287656,4,15,33,53,67,101,139,170,204,238,272,319,370,403,447,480,540,591,630,677
22737690,0.4449401868601439,5,12,29,39,49,60,69,79,89,104,125,139,152,165,178,191,204,226,262,291
22737718,1.3112964914139056,0,11,18,31,40,52,71,95,122,136,157,180,202,225,269,309,353,389,446,507
22737880,8.48703893937872,0,0,0,0,0,0,0,0,2,5,8,10,12,14,16,17,19,26,33,40
22737927,2.0057708818770705,0,0,9,35,51,85,118,143,184,231,289,333,374,425,473,536,606,660,722,780
22738051,0.5465142523749139,4,13,24,41,55,72,90,115,137,172,205,232,258,293,329,363,415,453,501,547
22738287,0.36888294857020315,2,10,30,49,67,89,125,159,201,227,254,297,329,358,391,434,475,517,562,614
22738313,6.457892172539708,0,0,0,0,0,0,9,28,37,63,89,120,160,201,231,258,290,327,393,436
22738400,0.1458808812100441,3,14,22,44,60,82,106,127,164,209,254,305,359,419,460,511,570,610,667,716
22738508,1.0365372467370886,0,10,19,41,70,92,121,143,167,205,244,290,320,347,369,401,442,489,530,572
22738574,1.8506455524783016,0,3,9,14,18,25,41,73,92,135,176,214,252,280,308,330,352,377,416,464
22738635,0.7172451170767455,3,8,17,28,37,66,99,126,161,205,236,275,309,347,382,415,442,462,490,531
22738653,0.08467766848856868,5,8,18,46,68,89,113,138,166,192,232,265,298,336,374,409,455,490,519,563
22738743,4.798240548479805,0,0,0,0,3,17,24,40,56,69,85,125,156,212,258,316,350,382,422,485
22738833,1.9389453139703583,0,3,12,21,39,66,81,120,154,191,235,292,331,365,394,424,448,487,527,557
22738933,0.34705381624374876,7,18,43,67,88,108,124,147,171,216,250,284,337,375,425,472,516,549,588,645
22738945,0.1802359871605949,4,19,40,54,75,97,132,170,203,231,266,321,366,415,451,495,541,586,621,660
22738978,0.662483067185136,3,13,24,44,69,92,111,123,142,162,183,222,250,278,304,350,391,431,490,568
22738993,1.8351546693675582,0,5,9,17,28,51,67,79,91,119,150,173,196,239,308,351,397,438,490,534
22739038,0.6280324288746143,3,11,20,27,34,41,58,71,84,96,108,118,136,160,196,230,257,290,320,365
22739064,3.439168556089733,0,0,0,9,13,19,32,48,57,90,116,137,157,179,209,246,276,300,326,349
22739065,0.46752278858477847,6,21,30,44,63,87,103,139,171,213,260,307,343,395,435,487,521,553,586,610
22739079,6.910387137674157,0,0,0,0,0,0,6,22,29,64,87,121,152,196,252,300,347,387,413,451
22739085,2.7438698523658895,0,0,5,10,17,23,38,54,75,95,135,162,190,219,249,276,327,364,399,436
22739098,3.409492950547339,0,0,0,9,14,20,26,36,45,52,59,67,75,96,118,143,164,185,209,238
22739105,0.9599903557431134,1,11,19,41,71,90,120,143,167,206,241,287,318,345,368,400,442,487,527,570
22739119,3.487531893231658,0,0,0,7,14,26,47,60,73,81,93,113,136,172,194,213,228,243,273,316
22739120,1.0280799559133096,0,7,11,25,37,58,73,89,102,124,143,168,204,239,287,341,385,422,466,520
22739144,1.350076484834076,0,9,18,25,44,62,95,127,165,193,229,260,293,326,365,393,427,456,487,522
22739185,0.33462084439058326,3,10,19,39,58,82,108,141,167,201,238,270,301,334,365,406,443,479,516,564
22739197,0.3438281587380486,5,9,21,47,67,93,121,144,162,189,225,257,302,342,383,427,467,506,552,588
22739198,0.44029754427872736,4,12,31,53,67,90,121,150,174,200,237,271,323,378,429,483,526,550,575,610
22739233,0.1860381126787387,4,11,16,24,37,59,92,119,175,220,264,324,379,446,509,564,617,681,736,783
22739276,1.3327896555949803,0,5,14,24,38,51,61,85,94,110,148,172,186,214,258,290,336,374,412,479
22739281,0.664144419064776,1,3,5,7,18,23,40,50,71,92,118,137,163,201,233,264,309,347,404,460
22739299,2.0001586539162646,0,0,9,20,28,46,71,89,106,122,141,163,190,215,245,286,313,342,371,402
22739387,2.708779355598673,0,0,1,10,16,24,32,41,50,60,70,79,87,114,136,171,196,221,248,280
22739417,0.5710708980480537,6,14,30,41,66,91,110,135,159,179,213,240,271,303,333,365,405,457,505,554
22739437,0.025846795184766267,4,10,21,41,68,95,115,138,167,205,248,284,313,342,364,395,428,481,531,578
22739441,0.9462381157230327,3,7,10,29,39,62,82,101,117,134,153,175,203,240,272,299,343,399,440,478
22739442,3.366206485463798,0,0,0,16,38,48,67,89,108,137,166,197,233,269,296,319,350,383,419,458
22739461,0.40697699159517314,4,9,28,53,73,85,122,153,187,223,280,339,375,409,450,494,530,573,603,634
22739482,0.45223682073475935,3,8,26,41,63,97,121,150,174,214,253,288,317,345,392,436,480,518,572,628
22739488,6.84512939649473,0,0,0,0,0,0,6,18,26,49,61,100,141,167,209,245,293,338,375,430
22739550,0.19010352424058377,5,15,32,52,69,102,128,161,193,219,253,289,326,362,415,451,484,514,562,627
22739562,0.4852595632039796,3,7,11,15,19,40,68,86,102,118,134,148,164,179,190,203,216,229,240,254
22739572,0.40873499008888836,5,10,15,41,68,97,128,178,225,266,299,328,362,402,461,503,562,610,660,711
22739585,2.5995426374639314,0,0,6,16,23,33,49,72,92,111,129,149,177,206,236,265,292,316,363,419
22739642,5.499710838779239,0,0,0,0,0,9,16,24,30,36,42,76,100,122,155,185,228,279,338,381
22739671,1.715220077971121,0,6,17,42,71,101,133,159,193,233,277,338,391,439,483,521,562,604,641,675
22739689,1.6578195139259575,0,6,25,46,66,104,139,172,215,256,292,331,360,389,433,490,546,592,655,707
22739690,0.0055359810531338755,3,7,18,32,58,80,96,120,155,205,252,310,370,426,481,538,586,639,696,739
22739854,0.2486586599790269,3,4,16,29,39,62,86,109,131,159,187,212,246,279,305,352,385,417,448,482
22739875,0.5227016023802539,5,19,41,69,90,105,121,147,170,209,250,287,337,375,422,468,508,541,586,642
22739944,5.8008536801574815,0,0,0,0,0,6,14,28,42,66,117,149,182,223,271,309,356,400,439,487
22740013,0.1965541041020432,5,9,26,36,46,66,90,114,129,150,173,192,210,255,288,316,350,414,465,512
22740024,0.172742608320118,5,9,13,17,22,29,37,45,51,65,88,104,119,134,147,157,176,207,237,275
22740032,0.1607364217205533,6,11,19,28,38,59,79,125,165,214,264,320,382,443,510,565,618,670,735,784
22740241,0.27078858741870193,5,8,17,23,32,48,67,103,146,178,214,248,274,318,345,371,399,435,469,492
22740294,2.7737462932901735,0,0,5,11,15,19,23,27,34,54,70,81,93,108,127,157,190,237,279,331
22740310,5.938862672098775,0,0,0,0,0,1,3,4,17,24,36,48,61,71,79,89,102,116,132,166
22740391,0.21092054684193273,4,7,14,25,36,53,83,110,139,161,186,217,245,280,325,361,400,438,477,523
22740609,1.1754843602379195,0,9,19,40,70,92,115,144,189,244,291,339,397,452,492,546,587,620,662,700
22740627,2.7694616197545394,0,0,4,11,15,19,24,29,36,42,48,53,60,84,97,111,136,151,169,189
22740639,1.1718034825197072,0,9,19,40,70,92,115,144,189,243,291,340,396,451,490,546,586,621,663,701
22740777,6.80688354372004,0,0,0,0,0,0,2,6,8,10,12,14,16,19,23,26,33,43,56,70
22740963,1.9179977161711035,0,3,10,16,20,24,33,41,47,53,62,77,94,110,128,145,162,203,253,293
22741036,7.380574771651624,0,0,0,0,0,0,0,2,4,6,8,10,12,14,15,16,18,20,27,35
22741186,4.154717705604524,0,0,0,0,15,22,39,55,68,85,109,135,181,224,274,306,354,400,464,516
22741307,3.766477487722736,0,0,0,1,3,5,7,9,12,19,24,28,33,51,68,80,105,127,157,184
22741311,4.083105619618301,0,0,0,0,8,12,27,38,47,58,71,85,105,125,143,164,206,241,272,299
22741332,1.2893296905795404,0,5,7,9,10,12,16,20,28,34,41,56,72,84,99,112,129,170,202,237
22741344,1.6981240852314574,0,4,10,13,17,20,24,40,53,66,77,89,103,115,143,173,195,224,259,298
22741419,9.01974878311445,0,0,0,0,0,0,0,0,0,8,12,15,20,28,34,42,51,60,70,80
22741433,8.489981944186313,0,0,0,0,0,0,0,0,1,15,21,30,38,48,58,67,78,87,98,111
22741596,2.813871459184794,0,0,3,11,14,16,18,20,21,22,26,32,38,51,64,75,87,105,118,133
22741638,6.345833014535863,0,0,0,0,0,0,16,24,43,61,88,117,161,200,261,314,361,389,418,461
22741688,12.726530562525415,0,0,0,0,0,0,0,0,0,0,0,0,1,3,9,16,24,31,39,70
22741712,0.6549990132310908,6,14,30,41,56,85,108,131,170,205,253,304,343,406,452,494,559,601,656,710
22741775,16.668290201433233,0,0,0,0,0,0,0,0,0,0,0,0,0,0,0,0,1,7,13,37
22741776,2.1461335879059407,0,0,7,11,15,19,23,45,58,70,84,97,109,120,145,182,203,245,277,307
22741779,0.8292607311073134,3,13,23,41,61,86,107,131,155,175,192,222,254,279,305,334,388,436,505,577
22741780,0.10631858068116413,7,19,30,45,59,86,109,138,173,197,221,245,292,324,361,418,475,542,598,655
22741788,3.7756100893768036,0,0,0,2,6,8,10,12,14,16,18,20,21,24,29,39,49,62,77,91
22741843,3.0845093997862314,0,0,0,10,15,19,32,48,61,72,82,90,96,109,121,131,141,154,163,181
22742045,2.8059613821731992,0,0,8,23,31,39,47,55,89,107,128,144,160,174,189,200,211,223,239,267
22742151,14.978970841310787,0,0,0,0,0,0,0,0,0,0,0,0,0,0,1,4,6,8,10,15
22742166,10.566646488714468,0,0,0,0,0,0,0,0,0,0,4,16,23,28,37,45,55,65,74,94
22742170,8.10320833486218,0,0,0,0,0,0,0,0,4,6,8,10,12,14,16,19,24,31,39,50
22742238,11.020859308497936,0,0,0,0,0,0,0,0,0,0,0,4,6,8,11,13,14,20,26,32
22742249,9.109601248461692,0,0,0,0,0,0,0,0,0,3,5,7,11,15,27,36,44,73,91,110
22742503,17.744086050937295,0,0,0,0,0,0,0,0,0,0,0,0,0,0,0,0,0,2,4,6
22742764,19.578598202601114,0,0,0,0,0,0,0,0,0,0,0,0,0,0,0,0,0,0,0,2
23535256,5.344319772707072,0,0,0,0,0,11,15,17,19,23,32,40,55,66,77,91,106,119,132,146
23535360,1.924563367494395,0,3,9,13,17,21,25,27,29,31,43,48,52,73,93,104,107,113,120,130
23535712,3.5319720482186003,0,0,0,7,13,17,21,25,29,42,49,55,61,66,77,92,105,116,125,133
23536576,34.66588333858589,0,0,0,0,0,0,0,0,0,0,0,0,0,0,0,0,0,0,0,0
26300188,106.54547289864955,0,0,0,0,0,0,0,0,0,0,0,0,0,0,0,0,0,0,0,0
26300427,83.45592796370096,0,0,0,0,0,0,0,0,0,0,0,0,0,0,0,0,0,0,0,0
26300433,81.50464126832165,0,0,0,0,0,0,0,0,0,0,0,0,0,0,0,0,0,0,0,0
26300448,82.23346286309372,0,0,0,0,0,0,0,0,0,0,0,0,0,0,0,0,0,0,0,0
26331495,97.91191267889683,0,0,0,0,0,0,0,0,0,0,0,0,0,0,0,0,0,0,0,0
31700000,3.372634131753514,0,0,0,8,16,22,28,34,40,45,51,67,84,98,113,130,172,218,253,289
31700024,0.8295200728478519,5,14,22,33,56,90,130,169,203,251,290,360,430,490,544,613,693,764,820,877
31700114,0.1352847161929886,3,7,18,24,31,46,55,67,90,112,129,151,200,238,271,299,325,348,395,436
31700172,3.653912722769575,0,0,0,2,4,17,24,31,36,42,48,54,61,90,112,146,177,210,252,293
31700173,1.2655329673111602,0,7,11,14,17,21,24,31,37,57,71,84,94,103,135,155,176,201,229,269
31700386,0.33058886956117534,3,13,24,36,47,65,97,123,160,212,244,276,303,333,376,415,448,485,520,583
31710260,0.8611122932025995,3,10,19,25,39,50,58,72,95,132,165,194,215,257,303,380,452,517,574,661
31710312,1.4588232848207008,0,7,16,24,32,37,58,95,125,153,187,222,274,330,395,445,502,564,644,726
31730078,0.4574647205655062,8,14,21,33,50,67,93,127,158,199,242,277,307,333,379,417,454,489,545,596
31730142,4.835414052948146,0,0,0,0,1,17,24,33,45,78,99,123,151,183,228,261,306,346,414,469
31730311,1.6697219897618711,0,5,18,31,50,73,95,121,154,183,213,263,304,346,382,422,474,519,568,622
31730373,0.3144636966645349,4,8,11,33,60,80,96,112,132,166,190,215,252,288,342,384,428,491,547,604
31730388,0.8876673202430619,4,10,21,38,48,68,91,120,159,199,230,271,327,369,404,444,498,549,591,635
31730471,2.3442492060957045,0,0,1,7,12,18,35,45,62,81,97,113,146,165,194,228,270,302,329,373
31730538,0.5149296705499737,3,11,21,28,34,45,58,69,76,84,96,127,152,185,218,247,295,335,371,401
31730599,0.8684131517161922,2,13,32,55,94,159,218,281,328,404,483,546,604,679,745,824,904,996,1077,1147
31730652,3.1545394618424534,0,0,0,9,20,29,35,41,47,53,59,81,101,116,130,161,186,224,251,296
31730700,3.6012508511648136,0,0,0,7,22,31,41,47,56,65,73,92,113,128,143,170,199,227,256,290
31731170,1.024311207614239,0,8,17,23,29,47,59,79,95,113,137,185,216,241,268,310,358,397,430,462
31731432,0.1588733653207159,6,15,22,35,46,57,80,109,139,186,233,294,346,402,462,516,577,658,747,833
31731433,1.1691470761505902,0,7,11,18,43,68,94,119,158,190,224,272,322,379,434,489,551,632,689,747
31731480,0.8682870778945755,2,7,10,21,40,70,96,120,147,188,228,263,319,381,436,490,553,636,700,758
31731498,4.84169036419399,0,0,0,0,1,12,26,54,75,105,127,145,167,193,218,252,281,324,360,395
31731523,0.3541902191065896,3,12,20,26,42,56,88,116,140,166,227,273,308,366,433,493,557,634,717,789
31731528,1.7346090914623118,0,5,9,21,51,69,88,119,154,185,210,263,318,372,429,484,546,618,687,741
31731601,0.22883613350292611,8,23,45,66,93,138,178,215,245,287,357,405,474,545,617,710,783,854,952,1034
31731616,1.14218944363459,0,9,13,19,23,29,35,40,46,67,88,100,127,151,172,200,237,277,319,356
31732123,0.7026369588551006,3,7,11,20,36,48,71,95,129,154,179,205,242,278,325,380,432,490,557,631
31732191,0.16523725235016706,4,12,32,49,70,84,112,134,167,208,237,272,308,339,377,408,464,545,613,683
31732496,0.5327656315300754,3,7,11,22,30,42,55,80,99,132,163,191,214,252,289,343,396,457,510,569
31732534,0.8402346438359105,3,7,11,21,33,39,62,80,97,110,126,163,191,216,246,277,313,362,396,426
31732701,1.8277211146383683,0,4,9,13,35,58,99,121,156,186,235,281,334,377,432,479,524,579,629,676
31732702,1.250651856708776,0,6,18,34,49,71,109,144,174,210,239,291,338,385,430,491,546,606,668,730
31732854,3.8235028045364765,0,0,0,5,12,14,16,18,25,32,39,73,105,132,161,186,223,258,295,330
31732856,1.0938034486928951,0,7,11,24,39,66,90,114,148,184,214,257,318,370,432,488,546,623,701,760
31732916,0.3731381196409005,10,29,61,95,121,161,219,263,310,362,418,487,565,637,717,791,878,971,1045,1148
31732928,0.5468919872216578,4,14,22,33,45,62,78,96,110,123,146,170,188,208,242,268,294,334,396,438
31733089,0.6173378657635054,3,7,11,17,25,42,66,82,105,134,155,193,226,256,283,324,365,405,437,487
31733131,0.3464223487864951,9,32,57,85,113,153,189,231,272,314,381,444,509,606,684,761,827,889,981,1051
31733153,5.931436375909214,0,0,0,0,0,1,3,25,52,73,91,119,137,156,176,214,282,334,375,428
31733575,0.5732666959069543,4,11,24,38,62,82,105,131,158,191,223,263,309,358,417,476,543,601,666,727
31733724,0.6070337400019253,5,9,20,39,59,87,117,147,184,226,257,290,345,392,443,482,544,596,653,719
31733985,0.17919034995757377,3,16,37,51,69,88,125,157,180,208,256,302,341,389,462,516,560,609,663,704
31734301,0.974185400087864,3,7,11,15,19,22,24,41,49,71,91,106,122,158,178,201,220,238,260,283
31735147,0.18578030838747978,8,23,48,72,100,130,173,223,266,319,398,464,518,593,675,745,812,891,981,1094
31735205,1.7789764227696327,0,3,9,13,25,29,41,65,82,96,128,157,220,268,312,365,432,476,535,629
31735212,0.28567839456322563,7,14,21,32,49,66,94,127,159,200,242,275,309,339,382,417,452,485,546,598
31735255,1.026271438479495,0,8,14,28,39,58,72,101,149,203,240,280,316,387,458,512,595,677,741,810
31735566,0.3842305406808022,5,8,12,34,54,74,94,110,132,166,205,241,269,307,344,390,427,472,521,570
31735666,0.8750602079191933,3,13,19,40,57,83,100,114,129,146,167,204,238,269,302,338,369,396,447,507
31735695,0.5404269784275626,3,7,16,24,32,39,54,79,101,154,192,227,275,321,366,415,459,499,558,602
31735744,0.02498105596553323,12,23,60,90,114,151,202,238,284,338,402,470,546,609,684,751,829,933,1010,1093
31735751,6.0061926979036615,0,0,0,0,0,0,17,21,25,32,40,49,76,100,118,148,174,212,260,305
31735966,0.21330941950250937,3,8,13,17,35,52,79,106,156,206,247,309,360,445,513,574,629,702,753,790
31735969,0.8541517435010525,3,14,31,45,67,79,90,104,119,138,170,203,245,304,346,389,447,490,561,635
31736826,1.197964296114708,0,7,11,24,58,82,114,153,180,221,267,306,345,420,474,519,566,623,708,792
31736852,2.31397384517916,0,0,7,26,45,62,80,107,144,173,207,239,265,339,448,518,597,683,766,839
31736883,1.9748503827278276,0,2,9,13,27,53,71,95,110,144,184,225,255,290,331,360,401,443,492,552
31737198,2.0512965235314025,0,0,14,24,46,65,99,130,167,199,252,316,368,432,493,556,628,692,749,801
31737217,2.8454858672456322,0,0,4,10,15,32,43,55,63,71,79,87,96,124,140,157,189,226,290,334
31737247,0.6135202221578754,3,7,23,30,45,57,73,111,138,163,195,231,259,299,334,387,446,498,544,615
31737258,0.22558400663167877,5,22,46,65,83,128,172,211,258,303,348,430,503,572,645,714,779,857,950,1060
31737381,0.2872884575257015,7,15,23,38,58,87,111,145,182,227,284,334,380,442,494,574,630,704,790,893
31737387,1.9193294144411073,0,3,16,37,59,82,122,159,184,221,273,312,369,413,476,527,576,651,722,803
31737420,0.45167411721104994,3,12,21,27,40,51,66,89,107,143,177,203,227,253,317,386,467,539,611,677
31737549,0.9096113065111332,3,7,16,33,57,76,94,107,133,171,203,242,265,301,355,404,449,514,573,634
31737576,1.3876012210908142,0,6,14,20,41,57,69,80,120,143,175,217,249,293,348,396,454,514,566,644
31737738,1.6504105272876228,0,5,9,13,27,48,67,99,127,151,173,199,240,288,334,383,442,503,583,652
31737768,0.0001485249407090983,6,19,37,47,63,80,95,125,163,192,219,250,286,319,353,409,458,508,573,630
31737999,0.5001482940531553,3,7,11,32,53,68,99,117,146,174,210,244,286,329,364,418,468,521,562,608
31738026,1.2638203838475996,0,13,25,46,61,82,102,135,157,190,239,288,346,425,482,554,617,682,756,846
31738378,1.1490979987821384,0,19,28,35,50,67,89,127,168,206,245,283,318,351,389,429,465,501,552,609
31738454,3.9881509685055145,0,0,0,3,16,25,51,75,109,144,193,235,292,350,398,453,534,633,721,798
31738537,2.152621183384079,0,0,8,21,28,39,62,86,120,147,169,184,201,222,269,300,340,405,464,509
31738767,0.4625636162660072,3,7,22,36,49,66,81,95,111,148,176,204,234,258,281,323,369,419,456,495
31738856,1.5509419741802668,0,2,10,17,26,40,61,94,125,165,195,239,275,313,360,414,464,508,562,637
31738910,0.2189396126169044,4,7,16,28,49,67,103,132,162,187,211,236,283,335,389,456,502,546,594,661
31739040,0.9944894075767189,1,11,27,44,66,89,111,128,156,189,217,265,315,363,404,451,502,567,640,727
31739041,0.18679146089661947,5,12,29,42,60,74,89,102,117,133,152,181,247,289,332,380,434,491,570,644
31739044,2.6802610472160366,0,0,5,11,15,30,43,54,64,73,80,88,97,123,139,161,188,229,296,338
31739073,0.09954216447635042,7,25,38,50,62,81,103,122,144,182,218,254,307,350,394,432,500,568,625,702
31739079,1.2387088993361848,0,6,10,22,34,44,67,99,133,190,245,298,368,427,505,562,641,696,748,811
31739136,0.6878946864419443,2,5,13,25,37,47,65,82,97,109,123,150,179,240,272,305,357,399,496,568
31739197,2.2990051713754127,0,0,9,13,36,61,82,101,134,187,233,270,316,367,409,454,536,598,642,710
31739351,0.8534648318149163,2,10,27,37,57,100,145,200,257,314,370,438,497,571,647,749,844,927,1029,1119
31739364,3.3770613038091497,0,0,0,17,32,56,68,87,114,162,214,272,318,392,448,502,552,638,750,849
31739393,0.06648310227773667,12,25,40,59,84,142,192,246,301,351,428,510,597,695,778,847,925,1001,1075,1152
31739416,0.7978237579797341,3,8,21,33,44,75,102,128,164,200,239,306,383,481,549,659,744,830,937,1020
31739425,6.342535732852085,0,0,0,0,0,0,10,20,41,67,87,102,130,151,172,215,262,317,360,400
31739426,3.016508898431362,0,0,0,16,22,32,47,75,102,127,165,206,240,288,342,401,459,543,609,694
31739503,2.14585619402162,0,0,3,5,8,16,33,44,54,64,100,125,151,187,232,267,298,326,379,434
31739973,0.11050622030379777,4,7,13,28,39,48,57,64,84,101,145,177,198,239,292,360,415,476,544,619
31740035,0.1447120796118852,5,9,12,38,63,84,108,127,172,200,232,269,300,340,372,398,436,479,523,567
31740045,0.1380674212738587,5,15,24,35,49,66,84,101,114,143,181,211,235,277,328,394,462,544,611,679
31740194,0.723479277068965,4,8,18,32,47,86,109,144,183,221,252,293,348,395,449,494,544,598,667,742
31740201,1.5128805099010798,0,5,13,28,57,81,117,154,182,216,269,306,348,414,476,519,571,633,713,794
31740207,3.5870170361181617,0,0,0,7,14,21,27,32,38,44,54,79,123,149,176,207,232,259,299,363
31740243,0.4632909518094999,4,8,21,37,56,86,116,139,156,179,201,222,261,289,318,342,373,406,446,500
31740301,1.0582167631646509,0,7,11,15,19,22,27,42,49,72,91,107,121,156,177,199,219,239,260,283
31740335,1.2214317564513566,0,5,16,23,29,42,57,67,75,84,93,107,137,157,173,209,263,310,346,386
31740488,0.18135478581522493,5,14,24,34,45,64,80,93,133,177,214,266,323,375,420,490,570,651,729,805
31740569,0.3049583835439626,5,19,34,47,70,89,110,125,140,169,217,261,308,356,398,438,486,551,641,718
31740729,0.33988981193656764,5,9,12,24,34,45,55,77,107,132,155,177,211,235,262,301,366,422,481,548
31740775,1.4960792934119458,0,6,13,19,24,50,79,102,143,181,213,241,297,367,415,469,549,611,679,746
31740776,0.1553322528407603,12,22,38,57,93,143,190,250,306,370,432,517,592,701,779,843,919,994,1073,1150
31740777,2.237878809181615,0,0,7,20,50,63,79,119,150,180,213,255,319,368,420,487,543,606,678,742
31740798,0.7676281776583044,4,15,37,66,101,141,194,263,317,393,471,552,620,676,756,837,919,1009,1091,1162
31740804,1.8440200432897662,0,8,18,27,36,46,66,92,126,163,221,302,367,427,489,543,597,650,713,788
31740809,0.6239409083265497,4,10,20,28,42,66,86,106,143,185,229,271,308,365,417,470,524,574,620,663
31740873,0.21786240040821478,4,8,14,29,40,60,85,107,125,186,220,287,344,406,461,518,582,647,712,763
31740880,5.284711972091506,0,0,0,0,0,11,20,30,49,82,101,120,144,177,214,249,286,351,409,457
31741009,1.5478828686434556,0,5,9,15,21,27,44,54,65,80,101,133,177,230,276,318,358,399,461,515
31741017,5.642994438219066,0,0,0,0,0,2,4,35,54,73,92,118,139,159,184,236,288,331,379,434
31741024,0.38357146914402496,5,16,23,27,33,40,65,97,124,171,218,271,329,420,525,611,684,764,846,938
31741025,0.7152334476853146,3,7,19,28,46,62,75,86,127,159,235,294,368,425,503,579,658,735,813,916
31741032,5.84405517518171,0,0,0,0,0,3,7,20,33,42,69,103,134,163,188,217,240,288,340,380
31741128,0.996786534678903,1,6,16,28,39,47,55,75,86,103,128,167,196,238,272,301,344,381,414,459
31741183,0.21512033985378043,5,14,27,50,69,91,114,145,163,180,196,230,259,284,317,349,386,423,457,500
31741196,0.29161580981293234,8,18,34,52,65,90,127,145,163,197,233,267,304,341,381,419,453,505,560,614
31741203,0.03149124919753534,10,21,50,84,114,149,201,250,299,356,423,504,555,622,678,760,838,932,1029,1122
31741240,1.014496112993048,0,6,9,19,45,69,103,123,163,190,230,273,320,378,431,485,562,629,688,747
31741297,0.3440746325680318,4,10,19,27,40,55,93,121,144,178,233,271,317,376,441,497,567,634,712,784
31741307,0.40608096497695134,4,17,36,48,70,83,96,111,128,155,183,206,225,253,275,311,335,369,413,478
31741322,0.11263334012479494,6,14,25,35,65,91,113,153,191,231,284,340,398,443,492,562,624,699,776,880
31741325,2.7764053934540995,0,0,5,11,15,19,23,27,30,48,58,69,77,85,99,123,175,215,262,301
31741348,6.0446665636086525,0,0,0,0,0,0,16,26,31,49,71,92,107,132,183,217,247,291,347,387
31741365,0.2513831966388808,3,10,19,26,34,53,89,114,139,175,222,273,308,373,436,496,553,625,704,777
31741386,0.022600370733851172,3,13,18,23,29,34,40,45,65,76,98,110,127,153,192,222,252,283,338,392
31741387,0.827819533427303,3,13,24,39,67,89,126,152,177,200,230,254,281,309,373,418,477,532,583,633
31741389,3.3580525975326516,0,0,0,10,38,53,76,101,142,171,211,245,287,323,360,395,446,512,594,681
31741393,1.1407325166722568,0,10,23,42,65,93,119,145,180,224,260,287,344,385,432,477,535,591,635,707
31741454,1.1526797372817195,0,10,37,63,97,142,178,222,273,340,409,501,586,673,747,831,925,997,1081,1153
31741471,3.6455903432203525,0,0,0,7,23,32,60,79,105,132,170,198,252,295,332,368,419,471,537,582
31741474,1.319626943989905,0,6,11,23,34,44,71,100,132,193,243,293,372,430,504,565,638,698,750,813
31741566,1.0873055504503155,0,7,11,21,26,31,43,63,82,95,117,157,216,266,301,365,410,472,536,618
31741639,2.702185438644265,0,0,5,20,49,69,92,124,158,195,234,282,338,403,455,517,572,652,712,763
31741652,5.244212614030187,0,0,0,0,0,11,16,23,27,32,37,54,74,102,117,141,175,215,266,318
31741662,0.27399289551091344,8,16,21,33,44,67,95,122,158,192,239,286,332,380,417,459,495,546,600,659
31741667,1.6010607021011292,0,9,25,35,59,79,93,123,154,184,214,264,301,328,358,390,429,461,510,555
31741758,4.455890090423067,0,0,0,0,11,30,42,72,108,147,179,214,245,298,359,410,476,550,641,746
31741765,0.3618049096904217,8,21,38,52,67,86,105,126,151,177,197,219,242,271,303,329,376,407,460,499
31741891,0.03745270220336247,5,8,16,25,47,73,102,131,158,209,252,296,357,424,475,543,610,678,738,785
31741996,0.0067700165169713436,4,14,22,30,35,48,58,91,115,158,193,232,267,327,394,447,516,570,658,747
31742062,1.1032898350679448,0,19,51,70,98,122,159,193,247,302,380,450,526,621,707,780,847,911,988,1060
31742064,0.81866422625569,3,17,34,52,89,119,163,206,263,307,354,404,464,538,598,668,737,857,992,1069
31742072,4.278025582700702,0,0,0,0,11,22,36,56,72,96,115,135,153,174,220,253,292,323,351,383
31742073,1.139100429668554,0,10,23,33,51,75,101,133,167,201,240,265,288,316,344,384,425,459,496,535
31742092,0.4074140154947985,4,8,23,35,58,85,105,129,168,203,228,248,271,317,361,415,453,495,532,572
31742099,0.24141676280242005,10,32,56,89,114,150,195,230,261,295,372,435,497,583,682,759,822,900,966,1035
31742100,0.722107549093066,9,27,57,88,129,158,195,240,286,346,390,481,538,605,688,757,831,924,1001,1089
31742145,6.529021403080042,0,0,0,0,0,0,14,20,46,71,95,126,161,186,211,230,261,290,344,395
31742165,0.3165265206914849,9,22,46,69,94,140,186,234,280,324,372,433,512,587,661,749,823,903,996,1053
31742186,1.2502119740439286,0,9,13,17,24,40,65,92,132,185,221,255,288,325,384,444,506,564,634,706
31742189,3.698922861359488,0,0,0,9,30,53,95,130,151,176,215,272,309,340,373,422,504,603,671,738
31742249,2.431099059093157,0,0,6,10,26,46,70,94,117,135,154,169,191,215,242,275,320,356,394,434
31742329,0.09426668889649692,5,14,20,32,39,66,87,113,159,195,232,264,339,390,431,472,532,585,649,698
31742384,0.19751407027419174,4,7,16,25,46,66,93,118,149,184,225,271,314,367,430,477,531,575,628,669
31742432,6.42840414303122,0,0,0,0,0,0,10,17,22,28,35,44,70,118,155,195,229,267,300,345
31742435,0.4811788640204731,4,13,21,31,44,55,68,84,117,163,190,241,288,332,376,442,513,595,674,758
31742449,0.8440139181062769,2,8,18,31,50,82,110,150,191,221,250,273,299,335,378,424,453,496,538,577
31742496,2.7463847050388694,0,0,4,17,26,43,54,64,75,85,94,116,132,145,170,203,242,288,336,376
31742511,1.302981053933593,0,5,12,22,31,38,56,75,103,125,155,186,210,240,267,328,397,460,521,591
31742527,0.16615528786267553,3,18,29,43,57,76,107,128,148,174,223,263,297,331,359,413,454,497,554,622
31742648,2.609141944228257,0,0,5,18,44,57,71,112,144,174,205,263,309,372,428,477,546,607,670,739
31742672,2.1936292144175105,0,0,8,22,45,68,91,113,162,196,234,270,329,371,417,490,542,606,681,737
31742746,1.4796046156617344,0,5,12,35,56,81,110,140,180,206,230,260,301,350,424,508,569,635,690,747
31742755,1.5525951989755278,0,10,23,32,48,68,98,137,179,213,248,299,351,391,467,526,585,642,697,760
31742978,0.8461395263661334,3,10,21,34,56,72,96,141,180,212,258,299,338,396,452,514,569,630,685,741
31743017,0.5002837782118148,6,19,29,46,60,80,97,130,159,195,219,261,292,322,362,424,473,539,597,659
31743097,0.5062247853813261,2,18,35,52,71,96,117,149,179,220,255,295,344,386,432,495,552,598,643,692
31743409,0.6464771929577917,5,17,26,49,92,127,166,224,277,341,428,496,587,666,730,788,879,946,1009,1085
31743455,1.2184718179076544,0,7,11,15,20,48,80,109,139,193,238,298,355,409,476,569,625,681,744,794
31743664,1.4756352059595303,0,1,4,13,45,78,115,142,166,193,224,253,301,362,420,482,535,610,677,749
31743701,4.499533764111857,0,0,0,0,6,8,10,12,28,37,56,75,98,139,164,192,233,270,301,328
31743781,1.2215388140057781,0,7,23,38,49,61,94,119,146,171,205,247,281,322,371,420,464,515,572,638
31743810,3.1951875378537,0,0,0,6,8,10,12,14,16,30,47,71,98,117,156,181,203,242,285,341
31743811,1.89244535970598,0,1,2,13,26,37,47,67,78,97,132,153,168,197,217,239,271,326,377,416
31743910,0.7925760393436322,3,13,27,38,61,88,110,132,172,224,263,307,345,378,413,457,503,570,634,706
31743930,0.5260611206027751,3,12,20,28,39,57,90,115,154,186,214,257,319,379,424,481,534,584,629,680
31744134,0.8724809118263044,3,7,18,23,27,31,43,54,72,92,122,148,174,209,253,285,308,331,367,400
31744267,1.0314609802381813,0,7,20,30,48,75,95,131,157,199,236,268,298,359,407,463,527,583,647,723
31744341,3.258098344386267,0,0,0,9,14,30,46,56,66,76,98,115,129,143,172,197,220,250,277,319
31744342,1.3426886215471876,0,6,11,17,23,28,33,54,66,77,86,94,100,113,149,175,214,246,304,357
31744343,0.1118165245899093,3,12,17,23,29,34,40,45,65,76,98,112,132,157,195,225,253,282,337,393
31744345,1.8755347277491357,0,4,12,19,25,30,36,42,56,71,94,123,147,171,192,218,260,302,339,374
31744426,1.5487473275459722,0,5,9,13,17,24,37,52,61,71,79,86,94,103,136,160,193,233,298,338
31744504,0.024592212611541577,4,7,14,29,53,70,87,106,139,175,234,275,305,340,395,450,504,547,595,637
31744567,1.1774077182421099,0,7,11,14,20,49,80,105,140,196,237,294,355,411,475,564,623,681,746,795
31744739,0.2753753329664583,7,15,31,46,64,80,101,126,160,201,236,276,309,344,379,409,476,552,612,696
31744858,0.9016429252830649,2,7,18,28,53,86,106,150,183,203,237,265,293,359,412,492,561,617,677,743
31744894,1.316710694637947,0,13,22,29,47,77,102,124,161,202,232,261,284,309,339,384,423,458,489,546
31744964,5.7534429427427,0,0,0,0,0,2,9,22,39,56,69,84,108,146,178,212,242,273,303,334
31744997,1.2158266907949242,0,8,20,37,49,71,93,116,159,197,229,271,320,366,395,431,489,540,584,630
31745072,1.6599086387993531,0,5,24,36,48,58,80,94,110,166,204,253,297,367,419,472,548,622,716,815
31745101,0.192310114450512,6,14,20,26,42,56,73,93,123,150,184,235,288,333,401,452,512,621,712,784
31745124,0.2657404129363226,5,8,13,21,26,31,45,55,65,81,105,139,188,240,290,333,376,434,486,554
31745125,2.0888018653568277,0,0,12,21,29,36,58,81,106,135,166,190,216,245,291,338,406,475,537,596
31745138,6.190381032456414,0,0,0,0,0,0,15,26,40,55,66,94,114,143,178,224,253,286,328,377
31745173,1.1461440803107874,0,7,17,26,45,68,90,113,144,179,204,246,276,308,328,355,399,440,473,502
31745384,0.6769488969117091,3,14,33,55,91,131,170,210,260,306,349,399,448,521,600,671,744,848,961,1056
31745456,4.989234030863286,0,0,0,0,1,2,3,5,11,38,60,86,124,159,191,237,271,305,335,380
31745708,0.2628672087570262,3,7,11,15,19,22,24,40,52,62,73,84,107,125,142,156,174,193,217,240
31745712,3.3376702810911913,0,0,0,8,16,22,28,34,40,45,51,67,84,97,111,129,172,218,253,288
31745794,0.4339103994569679,3,7,13,19,25,35,46,54,62,82,105,145,188,236,284,330,371,435,485,546
31745827,0.6440211589742988,6,24,46,69,93,127,162,199,254,322,389,477,564,633,720,791,857,911,999,1075
31745832,0.948091877531322,2,12,25,38,58,71,91,107,125,147,166,181,205,231,256,294,328,352,394,443
31746000,1.1511708903971145,0,9,26,39,49,66,88,113,139,169,207,236,288,331,375,415,474,531,590,653
31746005,5.097820467650383,0,0,0,0,0,13,22,31,41,67,84,100,121,163,199,229,256,295,342,391
31746188,1.1399008388261802,0,6,14,21,24,37,49,70,84,101,117,132,158,187,211,232,287,322,363,409
31746271,0.0856691749295609,4,7,11,24,31,38,63,91,108,140,158,175,211,251,298,338,380,413,455,499
31746482,0.606406242979774,8,14,24,35,46,56,78,112,148,177,205,254,303,355,402,443,498,544,604,670
31746833,0.34122720528164047,5,8,16,25,32,40,55,74,89,118,141,163,197,231,265,299,330,370,400,433
32900423,0.9616969184261374,4,15,31,40,48,56,74,94,120,145,185,210,258,302,350,395,440,477,521,561
32901861,2.2424876644980087,0,0,7,21,47,63,80,112,153,179,199,225,264,310,373,427,471,523,607,678
32901967,1.6026857170737452,0,6,11,22,42,56,66,83,117,144,167,189,211,247,274,298,319,372,421,458
32901986,0.32618119223174347,5,16,26,38,59,77,106,134,163,206,232,284,312,333,364,410,445,510,578,637
32902024,0.24369023994895658,8,17,25,44,58,71,84,120,157,187,226,274,296,328,363,399,441,496,539,579
32930266,0.9884747877515517,1,7,10,14,17,29,40,62,78,90,102,114,125,143,168,202,228,249,273,292
32930805,3.274743706122649,0,0,0,15,32,45,55,79,101,118,148,188,212,236,259,301,351,398,458,508
32930927,1.659845628009909,0,5,9,13,17,33,64,81,94,129,148,166,197,234,273,325,378,421,461,502
32930970,0.7328970800364304,3,7,11,15,18,33,69,85,110,130,147,165,199,244,294,334,385,423,460,499
32931000,0.5233746822745334,4,7,18,25,41,51,76,91,118,136,157,185,221,253,304,345,388,431,485,537
32931079,0.09070766784731263,5,9,12,14,17,34,49,78,111,126,136,152,187,238,295,342,391,434,477,509
32931119,0.02436019119216166,8,22,36,48,64,84,108,135,159,193,229,262,288,322,377,421,463,509,550,594
32931214,0.28010219189846286,7,21,38,51,76,103,136,173,213,253,285,321,372,429,488,564,632,687,757,826
32931249,1.3085474218490518,0,5,10,13,17,21,25,42,56,71,82,109,129,149,169,188,207,226,245,266
32931571,2.9473875094858935,0,0,3,11,15,27,39,60,76,88,104,120,138,159,175,191,225,254,277,305
32931586,1.5682070151129646,0,6,11,15,35,54,85,103,131,158,190,214,237,269,297,348,424,493,571,633
32931636,0.5576157472422346,3,7,11,15,19,27,37,58,74,102,140,160,183,205,229,249,269,291,345,385
32932884,0.5027468714695124,4,7,11,15,18,21,46,63,80,101,129,150,202,239,299,365,401,445,480,538
32933003,2.9617044655557816,0,0,2,9,25,33,41,66,89,121,144,166,193,212,244,293,332,359,387,432
32933432,0.15447750991600706,5,9,12,26,43,66,88,109,126,141,164,188,201,212,248,292,341,380,412,448
32933636,2.0990183624815426,0,0,9,19,37,73,87,102,134,163,191,215,245,276,317,374,434,502,587,650
32933660,0.6298629252339684,3,7,20,28,36,54,61,74,94,126,168,199,228,254,283,320,369,432,489,528
32933681,2.2821264949103806,0,0,7,13,27,51,75,99,116,136,161,197,220,249,291,358,418,472,529,614
32933778,0.5892632294079685,4,11,21,31,49,58,87,123,151,181,209,233,262,314,365,402,439,490,534,579
32933809,1.8235978628791134,0,3,12,18,28,44,58,82,118,142,167,194,222,253,280,311,345,451,529,607
32933897,0.11218134042180886,8,15,22,36,46,57,67,77,85,103,125,155,207,243,268,292,319,340,390,445
32933899,0.014005348669920415,9,16,29,37,46,56,66,73,88,109,133,157,188,231,263,286,313,362,399,433
32933902,0.34325975092884686,5,15,30,41,50,59,67,74,93,114,133,163,191,231,263,288,320,366,404,436
32933964,2.3429902513285272,0,0,8,13,20,43,58,86,110,141,175,214,257,291,318,353,382,418,454,523
32933965,0.3760420296841913,4,11,20,28,35,49,70,85,119,149,186,223,251,306,344,375,406,466,506,558
32934075,1.4501322924053406,0,5,9,13,26,38,55,78,108,129,146,181,217,260,306,341,359,389,429,477
32934247,0.317108313969013,6,18,23,28,36,45,63,75,92,128,161,187,235,288,343,392,435,479,530,589
32934363,2.3079730442693243,0,0,13,26,49,64,80,92,104,119,161,200,235,272,319,351,405,447,483,541
32934484,0.6284497915085063,8,16,24,42,57,73,94,122,145,181,214,271,302,330,362,395,439,498,539,578
32934596,3.9366988330936965,0,0,0,3,11,32,50,70,95,128,151,168,198,242,265,283,329,380,424,458
32934943,0.2233380867124119,5,13,20,34,46,60,72,95,111,122,142,180,206,240,272,305,352,410,467,511
32934969,0.7268063299477157,3,7,15,22,36,64,92,122,146,175,198,228,258,299,349,411,483,551,607,664
32935526,1.2687259993235573,0,6,10,13,26,37,57,76,93,117,133,166,204,249,289,344,387,432,472,518
32936299,1.4838153585713383,0,5,9,16,23,41,59,73,102,136,156,173,203,235,263,286,321,370,432,489
32936621,0.03898770921255414,6,13,21,27,49,80,99,122,156,189,235,281,325,379,431,483,553,615,673,743
32936971,0.9874246539891154,1,7,23,35,46,80,131,183,236,300,345,382,425,481,539,610,669,737,801,857
32937258,2.7634350812006128,0,0,6,11,24,43,66,85,115,148,182,224,265,292,324,353,387,422,458,516
32937435,0.8434380667223648,2,8,10,13,26,37,48,58,79,101,138,164,190,227,262,297,332,362,388,427
32937866,0.7098754448195945,4,7,15,34,47,76,106,137,167,190,251,305,341,378,415,460,510,580,647,736
32937867,0.2055471278024359,7,17,38,77,108,136,155,182,216,255,310,369,422,491,551,628,696,771,835,892
32938156,1.4039380888462951,0,6,19,37,71,89,119,153,192,235,270,321,360,402,448,500,554,632,699,790
32938424,0.5031373709617207,5,12,18,23,32,77,103,131,158,181,211,263,310,366,413,464,533,591,660,726
32938643,2.5808636206210194,0,0,7,28,38,53,68,89,121,157,182,208,230,255,300,341,396,476,537,596
32938683,0.16048791554613168,6,10,16,39,50,72,112,148,189,227,270,319,387,471,526,577,624,689,728,773
32938718,0.33523332155058616,8,14,20,33,57,77,97,126,158,201,248,290,355,408,444,512,576,638,710,764
32938725,0.8997777345085138,3,14,30,37,58,71,92,107,130,161,204,245,298,339,384,435,479,536,602,658
32939064,0.9512884936651387,2,8,17,25,46,59,99,131,158,199,245,282,323,374,421,474,526,585,637,713
32939312,1.2495538427218653,0,13,24,38,68,109,137,174,213,273,338,393,446,493,539,598,667,738,839,922
32939478,1.4755668880480401,0,5,9,13,26,38,67,95,114,130,150,180,211,237,263,304,341,383,436,492
32939612,0.08558386748320133,8,29,41,60,72,106,147,185,214,244,285,328,371,431,511,577,642,702,772,838
32939900,1.1190184682480542,0,6,27,39,50,62,77,94,107,134,151,166,187,229,267,295,333,375,416,465
32939928,0.13752642270564747,5,11,15,19,24,30,47,75,93,108,133,166,192,227,262,314,374,418,473,540
32939929,3.2705320515042913,0,0,0,19,32,44,60,86,109,128,162,194,218,250,283,321,379,439,517,607
32940225,0.6932269431026699,3,7,11,32,49,75,91,105,122,150,189,244,301,357,424,476,540,624,697,754
32940316,0.21507967637907316,8,15,28,42,59,82,105,160,192,222,262,305,364,419,473,533,586,655,714,789
32940490,0.5362716626124364,5,16,22,26,32,48,65,99,117,136,154,193,221,255,297,330,372,424,485,533
32940491,0.5535282483161135,5,16,22,29,36,51,62,84,110,134,152,180,218,271,331,369,399,437,463,504
32940579,0.5233746822745334,4,7,18,25,41,51,76,91,118,136,157,185,221,253,304,345,388,431,485,537
32940594,1.5014740368460826,0,7,24,41,76,108,135,168,218,261,326,384,432,486,529,591,649,721,797,913
32941191,2.3808798538724587,0,0,9,31,60,86,121,161,218,269,322,372,414,480,535,600,663,724,772,830
32941199,0.5175288471037858,3,7,29,43,62,90,125,158,192,225,267,317,357,414,473,531,579,654,720,803
32941621,0.5123620515019838,3,7,11,24,36,53,70,92,116,137,157,188,211,231,266,292,333,369,414,456
32941744,2.787725748479207,0,0,5,16,43,81,107,137,169,213,244,264,287,319,384,431,472,552,602,661
32941757,2.424460956928965,0,0,7,17,27,35,43,53,61,86,104,153,203,241,285,335,374,425,472,527
32941758,2.7407061765996454,0,0,5,17,28,36,44,54,63,78,113,153,202,239,285,329,371,406,470,531
32941805,3.7800075530092854,0,0,0,11,30,57,70,85,101,118,157,196,225,267,306,349,415,494,547,599
32942005,1.7050825510785996,0,4,16,25,32,46,61,84,108,125,154,193,221,250,276,337,382,417,454,490
32942084,0.5120884477772175,5,9,11,13,19,33,55,73,93,111,130,146,173,218,254,289,334,369,404,432
32942144,0.8332815486511084,3,7,11,15,25,38,45,64,86,105,123,149,182,211,243,284,327,368,402,457
32942236,3.5232515569829426,0,0,0,12,26,35,44,53,69,93,125,155,191,218,240,295,338,384,422,484
32942282,2.363931666759565,0,0,7,18,30,36,42,64,95,120,156,179,201,220,241,270,307,343,384,437
32942355,2.8245014917725175,0,0,4,11,15,27,42,61,76,88,105,122,137,159,175,190,226,255,279,305
32942497,3.83139414245922,0,0,0,5,20,33,44,54,72,98,134,173,196,225,250,290,328,378,436,502
32942715,0.10020473029946832,7,12,17,22,37,55,90,114,135,153,173,197,247,282,335,382,444,494,565,613
32942752,1.0760541494841165,0,14,38,60,86,114,136,165,191,226,292,332,383,441,511,580,632,688,760,836
32942796,2.5163400167560828,0,0,7,21,45,66,79,92,104,120,149,180,221,247,270,303,335,364,399,449
32943129,0.5028410693196177,3,7,27,43,64,95,131,162,198,233,276,316,351,398,446,520,590,660,725,790
32943241,1.5799918790128715,0,5,14,33,48,60,72,83,111,131,149,169,199,220,251,287,318,365,406,440
32943466,0.015189543504388182,3,7,11,28,43,57,73,92,118,147,179,207,241,262,283,306,333,386,436,477
32943477,3.886913423387447,0,0,0,3,19,30,40,56,72,88,102,118,143,161,177,194,211,256,282,313
32943495,0.8707336512998286,2,6,13,25,34,44,54,64,73,94,109,125,161,184,200,220,240,275,324,368
32943528,1.7136660310143854,0,5,9,13,16,27,46,62,77,95,112,124,136,150,173,211,242,264,284,308
32943904,0.09794241465728538,4,8,12,16,20,25,61,89,122,146,171,196,222,269,314,366,434,485,532,587
32944147,3.4438591227806072,0,0,0,8,13,30,40,49,65,85,101,128,145,163,181,202,224,257,291,319
32944148,3.816046174595496,0,0,0,5,21,30,42,51,75,91,107,129,151,168,191,213,237,276,303,329
32944800,1.6702178510663912,0,8,14,26,39,49,59,91,107,125,141,156,184,209,234,254,286,341,382,429
32944851,2.2053075210887196,0,0,7,12,16,20,34,46,55,69,94,112,136,154,171,188,206,225,244,277
32945375,0.5469611922146158,3,7,28,43,62,90,124,160,192,226,266,317,357,411,470,529,581,648,720,802
32945376,0.4951967940519055,3,7,27,43,64,95,131,161,198,233,276,316,351,399,446,521,590,660,726,790
32945395,1.1118255185319588,0,13,36,58,85,111,140,164,192,225,290,331,383,441,512,579,631,685,759,833
32945396,3.5198513814347323,0,0,0,9,13,25,45,69,88,108,122,150,180,204,229,251,291,331,379,415
32945398,1.0871053851581327,0,7,11,26,36,45,53,72,88,102,119,150,196,227,251,296,331,366,413,470
32945470,4.357004351925305,0,0,0,0,14,28,46,59,86,101,132,155,186,212,237,258,284,346,386,425
32945471,1.5030215953571748,0,5,18,24,30,39,60,82,97,111,125,138,154,188,228,261,287,316,345,373
32945530,1.550001659737673,0,5,25,40,76,107,135,168,218,261,327,384,432,486,530,591,649,724,795,914
32945614,2.199002537198243,0,0,16,24,32,52,64,77,99,134,153,191,218,250,283,334,378,413,452,512
32946006,0.4477397104054756,5,7,24,37,58,69,84,98,112,123,151,175,195,216,238,263,278,289,303,316
32946373,2.595614432643091,0,0,7,20,47,63,76,92,106,119,151,180,218,245,272,302,332,361,400,448
32946501,0.48408168204258706,3,7,11,29,45,57,73,96,128,151,171,204,237,260,281,306,327,379,432,475
32946556,2.55923480451002,0,0,6,16,28,36,44,52,61,79,129,163,195,225,271,313,364,410,480,530
32946594,1.5768640741862445,0,6,15,21,26,40,60,77,94,108,122,138,161,197,227,258,286,337,368,396
32946646,1.5791147095775795,0,5,10,16,24,51,68,81,92,108,132,151,181,211,254,294,331,367,400,449
32946777,1.4729423623005677,0,7,11,15,18,27,38,52,71,103,114,130,143,174,215,262,293,322,348,393
32946824,2.1065937586833354,0,0,4,23,52,89,125,163,204,261,312,359,426,476,555,591,644,695,765,819
32946889,2.8041676770523667,0,0,5,12,16,27,40,49,60,91,146,177,202,225,251,275,334,387,437,491
32946946,0.7198907522324779,4,8,12,17,27,36,46,56,66,74,99,132,159,182,213,237,275,313,347,377
32947107,3.106366500758291,0,0,0,16,27,35,56,79,94,109,123,136,174,200,222,259,291,321,347,399
32947297,2.901882378782063,0,0,3,18,29,37,45,53,62,77,126,154,190,233,279,314,367,405,475,538
32947329,1.728074430552499,0,3,18,26,39,46,56,64,73,83,114,145,169,185,203,221,250,290,339,372
32947330,1.2379285538876805,0,7,11,15,26,41,54,67,90,107,121,137,148,180,227,259,287,315,344,374
33500364,21.20294304892533,0,0,0,0,0,0,0,0,0,0,0,0,0,0,0,0,0,0,0,0
33500391,18.191382326701582,0,0,0,0,0,0,0,0,0,0,0,0,0,0,0,0,0,0,3,5
33530541,31.967941036728362,0,0,0,0,0,0,0,0,0,0,0,0,0,0,0,0,0,0,0,0
33531782,21.199453799374943,0,0,0,0,0,0,0,0,0,0,0,0,0,0,0,0,0,0,0,0
33532106,12.254967163189708,0,0,0,0,0,0,0,0,0,0,0,0,1,3,5,7,9,11,12,14
33532843,33.68615143934189,0,0,0,0,0,0,0,0,0,0,0,0,0,0,0,0,0,0,0,0
33533031,6.6543249509046545,0,0,0,0,0,0,1,3,5,7,8,9,11,13,15,17,18,22,25,28
33534691,20.325048911535998,0,0,0,0,0,0,0,0,0,0,0,0,0,0,0,0,0,0,0,0
33534876,21.565023362331853,0,0,0,0,0,0,0,0,0,0,0,0,0,0,0,0,0,0,0,0
33534877,18.956197107418184,0,0,0,0,0,0,0,0,0,0,0,0,0,0,0,0,0,0,1,3
33535305,24.963888948995827,0,0,0,0,0,0,0,0,0,0,0,0,0,0,0,0,0,0,0,0
33535738,14.564486091893599,0,0,0,0,0,0,0,0,0,0,0,0,0,0,1,3,5,7,9,11
33535861,30.51034257777749,0,0,0,0,0,0,0,0,0,0,0,0,0,0,0,0,0,0,0,0
33535964,25.232999143508454,0,0,0,0,0,0,0,0,0,0,0,0,0,0,0,0,0,0,0,0
33536013,19.600067626416322,0,0,0,0,0,0,0,0,0,0,0,0,0,0,0,0,0,0,0,7
33536026,20.283852798777524,0,0,0,0,0,0,0,0,0,0,0,0,0,0,0,0,0,0,0,0
33536072,23.01391297857488,0,0,0,0,0,0,0,0,0,0,0,0,0,0,0,0,0,0,0,0
37130556,78.04054209950901,0,0,0,0,0,0,0,0,0,0,0,0,0,0,0,0,0,0,0,0
37136335,71.41365778347813,0,0,0,0,0,0,0,0,0,0,0,0,0,0,0,0,0,0,0,0
37138790,70.95714617827925,0,0,0,0,0,0,0,0,0,0,0,0,0,0,0,0,0,0,0,0
37139270,86.23468525203818,0,0,0,0,0,0,0,0,0,0,0,0,0,0,0,0,0,0,0,0
37139414,85.52978936719609,0,0,0,0,0,0,0,0,0,0,0,0,0,0,0,0,0,0,0,0
37139427,82.95431852059613,0,0,0,0,0,0,0,0,0,0,0,0,0,0,0,0,0,0,0,0
37139563,90.77743469481256,0,0,0,0,0,0,0,0,0,0,0,0,0,0,0,0,0,0,0,0
37139568,87.57646241471588,0,0,0,0,0,0,0,0,0,0,0,0,0,0,0,0,0,0,0,0
37139664,87.68814947176018,0,0,0,0,0,0,0,0,0,0,0,0,0,0,0,0,0,0,0,0
37139680,85.80619356201922,0,0,0,0,0,0,0,0,0,0,0,0,0,0,0,0,0,0,0,0
37139719,88.53743343955215,0,0,0,0,0,0,0,0,0,0,0,0,0,0,0,0,0,0,0,0
37139751,84.8108373993736,0,0,0,0,0,0,0,0,0,0,0,0,0,0,0,0,0,0,0,0
37139761,94.42118979381294,0,0,0,0,0,0,0,0,0,0,0,0,0,0,0,0,0,0,0,0
37139766,82.75759000640146,0,0,0,0,0,0,0,0,0,0,0,0,0,0,0,0,0,0,0,0
37139791,81.04832878110045,0,0,0,0,0,0,0,0,0,0,0,0,0,0,0,0,0,0,0,0
37139848,89.64636585075887,0,0,0,0,0,0,0,0,0,0,0,0,0,0,0,0,0,0,0,0
37139849,90.86489107784418,0,0,0,0,0,0,0,0,0,0,0,0,0,0,0,0,0,0,0,0
37139963,86.91296945461873,0,0,0,0,0,0,0,0,0,0,0,0,0,0,0,0,0,0,0,0
37140188,91.90101602334204,0,0,0,0,0,0,0,0,0,0,0,0,0,0,0,0,0,0,0,0
37140463,80.1882068024577,0,0,0,0,0,0,0,0,0,0,0,0,0,0,0,0,0,0,0,0
37140478,70.6624846524265,0,0,0,0,0,0,0,0,0,0,0,0,0,0,0,0,0,0,0,0
37140479,70.98443214754374,0,0,0,0,0,0,0,0,0,0,0,0,0,0,0,0,0,0,0,0
38300414,4.901965950173091,0,0,0,0,1,10,20,26,35,48,60,75,94,128,156,172,190,209,223,240
38301327,1.886618824996669,0,1,3,5,8,14,22,37,67,87,99,122,141,158,177,195,210,230,246,271
38310328,5.413413264915117,0,0,0,0,0,2,14,26,38,51,64,85,105,125,138,172,191,210,225,240
38310832,6.03137346660967,0,0,0,0,0,0,6,11,19,26,33,50,64,79,109,132,147,158,172,209
38320709,1.3792568918595678,0,12,20,40,54,69,84,97,108,122,139,177,200,218,233,256,274,285,302,318
38331272,0.4222647465700128,5,8,11,13,15,20,25,31,36,41,45,62,73,98,111,123,147,166,199,233
38331767,2.145787353632305,0,0,8,13,19,27,33,38,54,70,80,94,105,115,135,153,186,218,236,257
38331949,6.944347270453237,0,0,0,0,0,0,1,8,19,28,34,38,44,60,80,113,140,162,180,194
38333015,2.360685363413823,0,0,1,3,5,8,25,34,41,60,74,100,133,150,165,181,208,229,244,261
38333023,2.6361968527400492,0,0,2,5,8,11,14,16,20,22,30,52,64,70,78,84,97,115,137,158
38333034,2.9816962249608996,0,0,1,5,7,10,14,18,20,21,34,54,67,74,80,85,106,120,129,154
38333104,3.977370111177897,0,0,0,1,3,6,10,14,18,22,25,25,38,51,58,74,94,111,123,150
38333389,2.3867167762355197,0,0,4,7,14,18,34,42,44,49,58,64,70,76,97,105,112,117,141,158
38333469,3.091246584129919,0,0,0,2,3,6,10,14,18,21,23,30,36,45,62,83,97,111,122,132
38333754,4.165582531832841,0,0,0,0,12,19,28,36,43,50,61,88,109,139,163,179,193,209,228,245
38335592,4.4414598168560175,0,0,0,0,7,9,19,34,46,53,64,72,83,106,131,149,165,195,219,242
38336126,7.851357102468969,0,0,0,0,0,0,0,9,21,28,36,42,49,57,65,70,76,85,93,102
38336694,0.1859209697922246,4,7,11,14,18,30,46,58,70,85,105,123,162,183,198,211,225,235,246,259
38337743,1.4600997012955832,0,5,9,13,24,32,45,54,63,72,79,84,91,98,127,152,173,210,233,263
38338119,0.4951600585078145,3,7,11,15,19,23,26,29,32,36,39,43,47,51,54,68,81,93,107,121
38338684,7.596016418517371,0,0,0,0,0,0,0,10,15,18,26,35,41,47,63,74,89,112,141,170
38339219,2.4478538139888952,0,0,7,9,11,25,35,43,54,60,66,72,89,100,108,114,120,129,139,161
38339443,2.37681162602656,0,0,7,11,19,25,31,37,53,71,80,94,104,116,133,154,189,215,234,254
38339515,9.221648959402081,0,0,0,0,0,0,0,0,0,12,17,28,37,42,49,55,64,85,113,141
38339935,0.9676819186523834,3,7,18,29,38,46,51,57,62,77,101,129,151,162,177,203,217,231,243,252
38340163,1.499851589827397,0,5,11,17,22,28,32,37,45,72,89,102,110,124,153,166,183,193,207,225
38340348,3.5462601393010997,0,0,0,7,13,17,19,22,32,44,55,69,79,90,112,155,178,196,217,240
38340821,0.7620034989841987,3,7,15,22,27,33,41,54,70,107,124,146,161,178,193,220,235,254,269,288
38340890,1.831626985215034,0,1,3,5,8,12,17,33,62,83,97,117,141,158,176,193,214,232,253,270
38341268,7.338428432461992,0,0,0,0,0,0,0,9,20,28,34,39,48,57,66,75,84,93,104,119
38341399,0.40796831528992133,3,5,7,9,15,21,24,27,29,38,44,48,50,59,69,83,110,138,165,183
38341724,3.5623777626841213,0,0,0,7,11,15,21,25,30,34,39,43,47,55,66,75,83,95,108,120
38341725,0.573247458659,5,8,10,13,17,21,25,29,33,35,37,41,55,61,65,87,99,108,119,129
38341775,6.814083590632212,0,0,0,0,0,0,5,13,17,22,29,33,37,43,47,51,67,94,118,131
38341996,2.6171823664077953,0,0,1,3,5,7,14,27,33,40,46,59,72,93,104,112,127,137,153,172
38342031,4.9779137237821605,0,0,0,0,1,2,5,8,12,16,20,23,24,36,60,78,93,106,119,133
38935844,77.8515560795202,0,0,0,0,0,0,0,0,0,0,0,0,0,0,0,0,0,0,0,0
38941373,70.37289085828107,0,0,0,0,0,0,0,0,0,0,0,0,0,0,0,0,0,0,0,0
41500013,81.31698985631655,0,0,0,0,0,0,0,0,0,0,0,0,0,0,0,0,0,0,0,0
41501259,68.06234591237406,0,0,0,0,0,0,0,0,0,0,0,0,0,0,0,0,0,0,0,0
41502924,27.029778345737654,0,0,0,0,0,0,0,0,0,0,0,0,0,0,0,0,0,0,0,0
41503882,69.92522036638394,0,0,0,0,0,0,0,0,0,0,0,0,0,0,0,0,0,0,0,0
41503896,73.97653572897018,0,0,0,0,0,0,0,0,0,0,0,0,0,0,0,0,0,0,0,0
41503904,70.55751945567498,0,0,0,0,0,0,0,0,0,0,0,0,0,0,0,0,0,0,0,0
41503968,68.41592527607709,0,0,0,0,0,0,0,0,0,0,0,0,0,0,0,0,0,0,0,0
41503969,71.36140787127812,0,0,0,0,0,0,0,0,0,0,0,0,0,0,0,0,0,0,0,0
41503975,69.10861257351388,0,0,0,0,0,0,0,0,0,0,0,0,0,0,0,0,0,0,0,0
41504013,71.5824401989454,0,0,0,0,0,0,0,0,0,0,0,0,0,0,0,0,0,0,0,0
41504027,71.92963356815626,0,0,0,0,0,0,0,0,0,0,0,0,0,0,0,0,0,0,0,0
41510070,80.33030059418073,0,0,0,0,0,0,0,0,0,0,0,0,0,0,0,0,0,0,0,0
41530262,73.1615191234036,0,0,0,0,0,0,0,0,0,0,0,0,0,0,0,0,0,0,0,0
41531345,36.96975134414906,0,0,0,0,0,0,0,0,0,0,0,0,0,0,0,0,0,0,0,0
41532682,59.061378721823644,0,0,0,0,0,0,0,0,0,0,0,0,0,0,0,0,0,0,0,0
41534743,75.74103001432232,0,0,0,0,0,0,0,0,0,0,0,0,0,0,0,0,0,0,0,0
41535373,83.1930304178274,0,0,0,0,0,0,0,0,0,0,0,0,0,0,0,0,0,0,0,0
41535446,76.6321217355922,0,0,0,0,0,0,0,0,0,0,0,0,0,0,0,0,0,0,0,0
41535513,67.68857529680919,0,0,0,0,0,0,0,0,0,0,0,0,0,0,0,0,0,0,0,0
41535518,77.22044127030154,0,0,0,0,0,0,0,0,0,0,0,0,0,0,0,0,0,0,0,0
41535527,59.51998427986545,0,0,0,0,0,0,0,0,0,0,0,0,0,0,0,0,0,0,0,0
41535539,77.317955284826,0,0,0,0,0,0,0,0,0,0,0,0,0,0,0,0,0,0,0,0
41535716,51.778832958842344,0,0,0,0,0,0,0,0,0,0,0,0,0,0,0,0,0,0,0,0
44500201,53.69543977677033,0,0,0,0,0,0,0,0,0,0,0,0,0,0,0,0,0,0,0,0
45132891,32.77103285178955,0,0,0,0,0,0,0,0,0,0,0,0,0,0,0,0,0,0,0,0
45132916,37.227716794730085,0,0,0,0,0,0,0,0,0,0,0,0,0,0,0,0,0,0,0,0
46103352,1.1127822000444363,0,3,5,6,15,24,30,37,47,53,59,64,70,78,92,107,118,131,145,180
46131875,0.3315891732933694,5,8,12,15,20,32,43,51,58,76,98,112,123,142,166,208,257,314,360,401
46132064,3.882980049680118,0,0,0,4,16,20,25,27,32,40,68,84,95,111,126,141,157,184,205,227
46132550,0.953421967681954,1,6,7,16,27,50,67,89,115,137,155,165,179,196,217,244,264,279,292,306
46133370,0.663001993667451,3,7,18,27,34,51,62,74,82,93,102,117,130,141,154,168,180,191,201,212
46134345,1.850332823634764,0,3,9,13,25,32,38,43,46,50,54,60,65,71,77,83,98,114,131,153
46134427,0.2733489492582967,4,7,17,35,47,56,68,75,83,108,147,167,205,237,278,324,354,413,459,510
46137896,1.0718264612257253,0,7,16,33,44,53,60,83,96,106,124,160,197,229,260,309,358,413,462,499
46138131,0.03567128717755914,4,7,9,11,16,23,31,40,56,67,79,89,96,117,151,187,211,247,263,289
46138642,1.5895996393832403,0,5,10,14,20,31,42,51,65,77,87,105,128,162,194,232,287,328,362,410
46138686,0.3657323195595113,4,8,18,33,45,57,68,79,88,101,121,154,202,246,277,314,349,378,401,417
46138753,2.0822136048921815,0,0,13,27,42,57,71,85,105,120,151,192,234,275,304,345,385,425,464,495
46139685,1.4704689587935393,0,5,10,14,17,21,34,39,44,50,59,79,95,119,132,145,160,178,207,231
46139881,0.42776529079973513,5,9,12,14,18,21,32,38,44,53,66,84,97,109,116,131,149,166,185,212
46140306,4.661392677436106,0,0,0,0,7,12,18,22,26,30,34,39,43,51,67,77,89,100,149,193
46141056,0.15503255510283856,8,17,25,35,41,59,89,110,129,160,198,227,250,289,336,365,404,454,501,561
46142451,5.311060448641371,0,0,0,0,0,11,17,21,23,26,44,61,82,113,139,166,184,219,268,313
46142463,4.382517477111506,0,0,0,0,9,13,18,25,34,40,49,59,99,123,138,164,200,230,270,312
46142464,0.10449423676929534,5,8,11,15,19,23,30,47,61,75,84,97,109,130,170,185,212,251,287,320
46142509,2.5199478404661257,0,0,8,13,18,21,26,32,38,55,64,75,93,103,110,119,129,138,153,177
46142541,0.6152509517095485,3,7,14,22,38,61,77,98,120,139,175,215,253,303,353,409,443,491,542,576
46142744,3.8289430763072763,0,0,0,5,11,23,42,50,70,87,120,162,194,228,259,287,315,372,411,437
47533126,68.91352418241891,0,0,0,0,0,0,0,0,0,0,0,0,0,0,0,0,0,0,0,0
47534643,37.112295836985346,0,0,0,0,0,0,0,0,0,0,0,0,0,0,0,0,0,0,0,0
47536206,75.70779243712569,0,0,0,0,0,0,0,0,0,0,0,0,0,0,0,0,0,0,0,0
47538861,65.65959450643876,0,0,0,0,0,0,0,0,0,0,0,0,0,0,0,0,0,0,0,0
49533400,60.268494320089566,0,0,0,0,0,0,0,0,0,0,0,0,0,0,0,0,0,0,0,0
49533573,55.2394593680016,0,0,0,0,0,0,0,0,0,0,0,0,0,0,0,0,0,0,0,0
49534942,39.32059038143436,0,0,0,0,0,0,0,0,0,0,0,0,0,0,0,0,0,0,0,0
49534975,41.37758894283354,0,0,0,0,0,0,0,0,0,0,0,0,0,0,0,0,0,0,0,0
50132488,21.427800566773755,0,0,0,0,0,0,0,0,0,0,0,0,0,0,0,0,0,0,0,0
50132538,25.313712407563134,0,0,0,0,0,0,0,0,0,0,0,0,0,0,0,0,0,0,0,0
50132540,30.46530953182528,0,0,0,0,0,0,0,0,0,0,0,0,0,0,0,0,0,0,0,0
50132868,27.923732065396663,0,0,0,0,0,0,0,0,0,0,0,0,0,0,0,0,0,0,0,0
50132893,24.0640830673551,0,0,0,0,0,0,0,0,0,0,0,0,0,0,0,0,0,0,0,0
50136351,25.101607520535453,0,0,0,0,0,0,0,0,0,0,0,0,0,0,0,0,0,0,0,0
